<?xml version="1.0" encoding="UTF-8"?>
<!DOCTYPE server SYSTEM "main-config.dtd">

<server uuid="04f98470-292a-479b-a70a-28f1af1bdd6b">
  <version number="812" />
  <db-compact enabled="true">
    <scheduler hour="3" minute="0" />
  </db-compact>
  <artifacts maxArtifactSize="300000000" artifact-paths="system/artifacts" />
  <comment-transformation>
    <transformation-pattern search="((https?://|ftp://|file://|mailto:)[\w`~@#$%^&amp;*\-=|\/{}()\[\];:&quot;'?\.]+(?&lt;=[^\.,;&quot;'`\)\]}]))" replace="&lt;a target=&quot;_blank&quot; title=&quot;Click to open this link in a new window&quot; href=&quot;$1&quot;&gt;$1&lt;/a&gt;" description="Links transformation (default)" />
    <transformation-pattern search="(&#xD;?&#xA;|&#xD;)" replace="&lt;br&gt;" description="Line feed transformation (default)" />
  </comment-transformation>
</server>

