<?xml version="1.0" encoding="UTF-8"?>
<build-type xmlns:xsi="http://www.w3.org/2001/XMLSchema-instance" uuid="1fc80460-8dd2-41c3-9dd4-b6a4927eb02a" xsi:noNamespaceSchemaLocation="http://www.jetbrains.com/teamcity/schemas/10.0/project-config.xsd">
  <name>[Lesson5] JUnitTests (Maven)</name>
  <description>Run JUnit tests using Maven build tool</description>
  <settings>
    <parameters />
    <build-runners>
      <runner id="RUNNER_1" name="Cleaning results of previous builds" type="Maven2">
        <parameters>
          <param name="goals" value="clean" />
          <param name="maven.path" value="%teamcity.tool.maven.DEFAULT%" />
          <param name="pomLocation" value="lesson5/pom.xml" />
          <param name="teamcity.coverage.emma.include.source" value="true" />
          <param name="teamcity.coverage.emma.instr.parameters" value="-ix -*Test*" />
          <param name="teamcity.coverage.idea.includePatterns" value="*" />
          <param name="teamcity.coverage.jacoco.patterns" value="+:*" />
          <param name="teamcity.step.mode" value="default" />
          <param name="userSettingsSelection" value="userSettingsSelection:default" />
        </parameters>
      </runner>
      <runner id="RUNNER_2" name="running tests" type="Maven2">
        <parameters>
          <param name="goals" value="running tests" />
          <param name="maven.path" value="%teamcity.tool.maven.DEFAULT%" />
          <param name="pomLocation" value="lesson5/pom.xml" />
          <param name="teamcity.coverage.emma.include.source" value="true" />
          <param name="teamcity.coverage.emma.instr.parameters" value="-ix -*Test*" />
          <param name="teamcity.coverage.idea.includePatterns" value="*" />
          <param name="teamcity.coverage.jacoco.patterns" value="+:*" />
          <param name="teamcity.step.mode" value="default" />
          <param name="userSettingsSelection" value="userSettingsSelection:default" />
        </parameters>
      </runner>
      <runner id="RUNNER_3" name="creating project description and report" type="Maven2">
        <parameters>
          <param name="goals" value="creating project description and report" />
          <param name="maven.path" value="%teamcity.tool.maven.DEFAULT%" />
          <param name="pomLocation" value="lesson5/pom.xml" />
          <param name="teamcity.coverage.emma.include.source" value="true" />
          <param name="teamcity.coverage.emma.instr.parameters" value="-ix -*Test*" />
          <param name="teamcity.coverage.idea.includePatterns" value="*" />
          <param name="teamcity.coverage.jacoco.patterns" value="+:*" />
          <param name="teamcity.step.mode" value="execute_if_failed" />
          <param name="userSettingsSelection" value="userSettingsSelection:default" />
        </parameters>
      </runner>
    </build-runners>
    <vcs-settings />
    <requirements />
    <build-triggers>
      <build-trigger id="vcsTrigger" type="vcsTrigger">
        <parameters />
      </build-trigger>
    </build-triggers>
    <cleanup />
  </settings>
</build-type>

