<?xml version="1.0" encoding="UTF-8"?>
<project xmlns:xsi="http://www.w3.org/2001/XMLSchema-instance" uuid="36cdb9d6-9ae2-4771-ad5d-8960c9278bc3" xsi:noNamespaceSchemaLocation="http://www.jetbrains.com/teamcity/schemas/10.0/project-config.xsd">
  <name>QATestify Educational Project</name>
  <description>This project is designed for trainings</description>
  <parameters />
  <project-extensions>
    <extension id="PROJECT_EXT_4" type="ReportTab">
      <parameters>
        <param name="startPage" value="index.html" />
        <param name="title" value="Report" />
        <param name="type" value="BuildReportTab" />
      </parameters>
    </extension>
  </project-extensions>
  <cleanup />
</project>

