<?xml version="1.0" encoding="UTF-8"?>
<project xmlns:xsi="http://www.w3.org/2001/XMLSchema-instance" uuid="3fed0c16-8ed0-46c8-b72c-b444adbcdbeb" xsi:noNamespaceSchemaLocation="http://www.jetbrains.com/teamcity/schemas/10.0/project-config.xsd">
  <name>QATestify Educational Project</name>
  <description>This project is designed for trainings</description>
  <parameters />
  <project-extensions>
    <extension id="PROJECT_EXT_2" type="OAuthProvider">
      <parameters>
        <param name="clientId" value="dmitromalikov" />
        <param name="displayName" value="GitHub.com" />
        <param name="gitHubUrl" value="https://github.com/" />
        <param name="providerType" value="GitHub" />
        <param name="secure:clientSecret" value="zxx949ebe25ccf3822ab24a33991893cb8b" />
      </parameters>
    </extension>
  </project-extensions>
  <cleanup />
</project>

