<?xml version="1.0" encoding="UTF-8"?>
<vcs-root xmlns:xsi="http://www.w3.org/2001/XMLSchema-instance" uuid="57b379d7-4689-4985-be5f-fc197356ad99" type="jetbrains.git" xsi:noNamespaceSchemaLocation="http://www.jetbrains.com/teamcity/schemas/10.0/project-config.xsd">
  <name>https://github.com/dmitromalikov/QA-HomeWork5.git</name>
  <param name="agentCleanFilesPolicy" value="ALL_UNTRACKED" />
  <param name="agentCleanPolicy" value="ON_BRANCH_CHANGE" />
  <param name="authMethod" value="PASSWORD" />
  <param name="branch" value="refs/heads/master" />
  <param name="ignoreKnownHosts" value="true" />
  <param name="secure:password" value="zxx949ebe25ccf3822ab24a33991893cb8b" />
  <param name="submoduleCheckout" value="CHECKOUT" />
  <param name="url" value="https://github.com/dmitromalikov/QA-HomeWork5.git" />
  <param name="useAlternates" value="true" />
  <param name="username" value="dmitromalikov" />
  <param name="usernameStyle" value="USERID" />
</vcs-root>

